<?xml version="1.0" encoding="UTF-8"?>

<beans  
    xmlns="http://www.springframework.org/schema/beans"  
    xmlns:xsi="http://www.w3.org/2001/XMLSchema-instance"  
    xmlns:p="http://www.springframework.org/schema/p"  
    xsi:schemaLocation="http://www.springframework.org/schema/beans  
               http://www.springframework.org/schema/beans/spring-beans-3.0.xsd">  
  

<bean id="idStud" class="org.javapatil.dieight.Student">
<constructor-arg value="100" type="int"></constructor-arg>
<constructor-arg value="Satish"></constructor-arg>
<constructor-arg value="22" type="int"></constructor-arg>

<constructor-arg>
  <map>
    <entry key="Phy" value="98"></entry>
    <entry key="Chem" value="99"></entry>
    <entry key="Maths" value="100"></entry>
  </map>
</constructor-arg>

</bean>
  
</beans>  
