<?xml version="1.0" encoding="UTF-8"?>

<beans  
    xmlns="http://www.springframework.org/schema/beans"  
    xmlns:xsi="http://www.w3.org/2001/XMLSchema-instance"  
    xmlns:p="http://www.springframework.org/schema/p"  
    xsi:schemaLocation="http://www.springframework.org/schema/beans  
               http://www.springframework.org/schema/beans/spring-beans-3.0.xsd">  
  
<bean id="idStud" class="org.javapatil.disix.Student">
<constructor-arg value="100" type="int"></constructor-arg>
<constructor-arg value="Satish"></constructor-arg>
<constructor-arg value="22" type="int"></constructor-arg>

<constructor-arg>
  <list>
    <value> Swimming </value>
    <value> Reading </value>
    <value> Cricket </value>
    <value> Movies </value>
  </list>
</constructor-arg>

</bean>
  
</beans>  
