<?xml version="1.0" encoding="UTF-8"?>

<beans  
    xmlns="http://www.springframework.org/schema/beans"  
    xmlns:xsi="http://www.w3.org/2001/XMLSchema-instance"  
    xmlns:p="http://www.springframework.org/schema/p"  
    xsi:schemaLocation="http://www.springframework.org/schema/beans  
               http://www.springframework.org/schema/beans/spring-beans-3.0.xsd">  
  
<bean id="idRec1" class="org.javapatil.diseven.Receipt">
<constructor-arg value="1" type="int"></constructor-arg>
<constructor-arg value="1-Jav-2019"></constructor-arg>
<constructor-arg value="1000" type="int"></constructor-arg>
</bean> 

<bean id="idRec2" class="org.javapatil.diseven.Receipt">
<constructor-arg value="2" type="int"></constructor-arg>
<constructor-arg value="2-Jav-2019"></constructor-arg>
<constructor-arg value="2000" type="int"></constructor-arg>
</bean> 

<bean id="idStud" class="org.javapatil.diseven.Student">
<constructor-arg value="100" type="int"></constructor-arg>
<constructor-arg value="Satish"></constructor-arg>
<constructor-arg value="22" type="int"></constructor-arg>

<constructor-arg>
  <list>
   <ref bean="idRec1"/>
   <ref bean="idRec2"/>
  </list>
</constructor-arg>

</bean> 

  
</beans>  
