<?xml version="1.0" encoding="UTF-8"?>

<beans  
    xmlns="http://www.springframework.org/schema/beans"  
    xmlns:xsi="http://www.w3.org/2001/XMLSchema-instance"  
    xmlns:p="http://www.springframework.org/schema/p"  
    xsi:schemaLocation="http://www.springframework.org/schema/beans  
               http://www.springframework.org/schema/beans/spring-beans-3.0.xsd">  
  

<bean id="idStud1" class="org.javapatil.dinine.Student">
<constructor-arg value="1" type="int"></constructor-arg>
<constructor-arg value="Satish"></constructor-arg>
<constructor-arg value="22" type="int"></constructor-arg>
</bean>

<bean id="idStud2" class="org.javapatil.dinine.Student">
<constructor-arg value="2" type="int"></constructor-arg>
<constructor-arg value="Anil"></constructor-arg>
<constructor-arg value="24" type="int"></constructor-arg>
</bean>

<bean id="idRec1" class="org.javapatil.dinine.Receipt">
<constructor-arg value="1" type="int"></constructor-arg>
<constructor-arg value="1-Jan-2019"></constructor-arg>
<constructor-arg value="1000" type="int"></constructor-arg>
</bean>

<bean id="idRec2" class="org.javapatil.dinine.Receipt">
<constructor-arg value="2" type="int"></constructor-arg>
<constructor-arg value="2-Jan-2019"></constructor-arg>
<constructor-arg value="2000" type="int"></constructor-arg>
</bean>

<bean id="idRec3" class="org.javapatil.dinine.Receipt">
<constructor-arg value="3" type="int"></constructor-arg>
<constructor-arg value="3-Jan-2019"></constructor-arg>
<constructor-arg value="3000" type="int"></constructor-arg>
</bean>

<bean id="idRec4" class="org.javapatil.dinine.Receipt">
<constructor-arg value="4" type="int"></constructor-arg>
<constructor-arg value="4-Jan-2019"></constructor-arg>
<constructor-arg value="4000" type="int"></constructor-arg>
</bean>

<bean id="idRecList1" class="org.javapatil.dinine.ReceiptList">
<constructor-arg>
  <list>
    <ref bean="idRec1"/>
    <ref bean="idRec3"/>
  </list>
</constructor-arg>
</bean>

<bean id="idRecList2" class="org.javapatil.dinine.ReceiptList">
<constructor-arg>
  <list>
    <ref bean="idRec2"/>
    <ref bean="idRec4"/>
  </list>
</constructor-arg>
</bean>

<bean id="idCourse" class="org.javapatil.dinine.Course">
<constructor-arg value="C1"></constructor-arg>
<constructor-arg value="Core Java"></constructor-arg>

<constructor-arg>
  <map>
    <entry key-ref="idStud1" value-ref="idRecList1"></entry>
    <entry key-ref="idStud2" value-ref="idRecList2"></entry>
  </map>
</constructor-arg>

</bean>

  
</beans>  
